date,age,sru_persons,sru_rate
2017-01-01,15-24,280.8,63.3
2017-01-01,25-34,569.0,31.3
2017-01-01,35-44,209.3,20.8
2017-01-01,45+,123.8,17.9
2017-01-01,overall,1182.9,29.9
2017-04-01,15-24,317.9,65.3
2017-04-01,25-34,587.7,32.8
2017-04-01,35-44,226.9,22.0
2017-04-01,45+,148.1,20.6
2017-04-01,overall,1280.6,31.8
2017-07-01,15-24,306.1,62.9
2017-07-01,25-34,632.6,34.1
2017-07-01,35-44,227.4,21.7
2017-07-01,45+,145.5,18.4
2017-07-01,overall,1311.6,31.4
2017-10-01,15-24,303.2,63.4
2017-10-01,25-34,631.8,34.6
2017-10-01,35-44,254.8,24.8
2017-10-01,45+,142.9,19.2
2017-10-01,overall,1332.8,32.7
2018-01-01,15-24,279.2,63.7
2018-01-01,25-34,629.2,34.7
2018-01-01,35-44,259.0,24.2
2018-01-01,45+,139.5,19.9
2018-01-01,overall,1306.9,32.5
2018-04-01,15-24,314.5,66.0
2018-04-01,25-34,687.4,36.6
2018-04-01,35-44,257.7,23.2
2018-04-01,45+,148.4,19.2
2018-04-01,overall,1408.1,33.2
2018-07-01,15-24,351.3,65.1
2018-07-01,25-34,683.3,35.1
2018-07-01,35-44,266.9,24.0
2018-07-01,45+,144.8,19.7
2018-07-01,overall,1446.3,33.4
2018-10-01,15-24,337.2,66.0
2018-10-01,25-34,679.1,36.2
2018-10-01,35-44,245.4,21.0
2018-10-01,45+,142.3,19.6
2018-10-01,overall,1404.0,32.8
2019-01-01,15-24,329.5,64.2
2019-01-01,25-34,696.4,36.1
2019-01-01,35-44,263.0,21.6
2019-01-01,45+,172.0,22.0
2019-01-01,overall,1460.8,32.9
2019-04-01,15-24,338.6,67.1
2019-04-01,25-34,666.0,35.8
2019-04-01,35-44,259.7,22.6
2019-04-01,45+,152.8,19.0
2019-04-01,overall,1417.2,32.8
2019-07-01,15-24,393.5,66.6
2019-07-01,25-34,705.8,37.0
2019-07-01,35-44,279.1,22.9
2019-07-01,45+,176.0,21.7
2019-07-01,overall,1554.5,34.3
2019-10-01,15-24,348.4,63.6
2019-10-01,25-34,732.4,38.2
2019-10-01,35-44,287.4,24.6
2019-10-01,45+,172.7,21.7
2019-10-01,overall,1540.9,34.8
2020-01-01,15-24,338.3,68.9
2020-01-01,25-34,786.3,40.0
2020-01-01,35-44,310.8,25.4
2020-01-01,45+,201.8,23.9
2020-01-01,overall,1637.3,36.2
2020-04-01,15-24,393.7,69.2
2020-04-01,25-34,701.9,37.0
2020-04-01,35-44,331.6,27.2
2020-04-01,45+,246.9,27.3
2020-04-01,overall,1674.1,36.5
2020-07-01,15-24,405.1,72.2
2020-07-01,25-34,811.4,42.1
2020-07-01,35-44,355.3,26.2
2020-07-01,45+,190.9,20.2
2020-07-01,overall,1762.7,36.8
2020-10-01,15-24,353.5,68.8
2020-10-01,25-34,862.6,41.3
2020-10-01,35-44,443.0,30.3
2020-10-01,45+,227.6,23.1
2020-10-01,overall,1886.8,37.4
2021-01-01,15-24,437.2,71.8
2021-01-01,25-34,848.4,44.4
2021-01-01,35-44,401.7,27.3
2021-01-01,45+,212.5,20.8
2021-01-01,overall,1899.9,37.9
2021-04-01,15-24,336.9,69.0
2021-04-01,25-34,776.0,39.6
2021-04-01,35-44,426.1,30.3
2021-04-01,45+,313.5,29.6
2021-04-01,overall,1852.5,37.7
2021-07-01,15-24,426.8,72.6
2021-07-01,25-34,835.3,43.3
2021-07-01,35-44,392.0,27.4
2021-07-01,45+,219.7,21.5
2021-07-01,overall,1873.8,37.7
2021-10-01,15-24,309.0,68.9
2021-10-01,25-34,816.4,44.8
2021-10-01,35-44,454.6,29.2
2021-10-01,45+,258.3,24.0
2021-10-01,overall,1838.3,37.5
2022-01-01,15-24,364.9,69.6
2022-01-01,25-34,821.3,42.2
2022-01-01,35-44,428.2,29.3
2022-01-01,45+,195.7,20.1
2022-01-01,overall,1810.1,36.9
2022-04-01,15-24,356.3,58.1
2022-04-01,25-34,799.4,41.2
2022-04-01,35-44,433.3,30.4
2022-04-01,45+,210.6,22.9
2022-04-01,overall,1799.6,36.7
2022-07-01,15-24,344.1,74.0
2022-07-01,25-34,861.4,43.1
2022-07-01,35-44,432.2,28.0
2022-07-01,45+,201.9,20.5
2022-07-01,overall,1839.6,36.8
2022-10-01,15-24,326.3,75.3
2022-10-01,25-34,894.9,46.3
2022-10-01,35-44,476.0,28.6
2022-10-01,45+,194.2,18.8
2022-10-01,overall,1891.4,37.4
2023-01-01,15-24,373.9,73.4
2023-01-01,25-34,879.1,43.2
2023-01-01,35-44,447.4,29.7
2023-01-01,45+,206.8,19.9
2023-01-01,overall,1907.2,37.4
2023-04-01,15-24,421.3,69.9
2023-04-01,25-34,867.5,43.3
2023-04-01,35-44,421.0,28.4
2023-04-01,45+,204.8,19.9
2023-04-01,overall,1914.6,37.4
2023-07-01,15-24,425.5,77.2
2023-07-01,25-34,816.1,41.6
2023-07-01,35-44,457.8,28.5
2023-07-01,45+,223.3,21.7
2023-07-01,overall,1922.7,37.3
2023-10-01,15-24,400.2,80.0
2023-10-01,25-34,815.3,41.6
2023-10-01,35-44,493.7,29.5
2023-10-01,45+,227.9,21.8
2023-10-01,overall,1937.1,37.4
2024-01-01,15-24,352.6,69.1
2024-01-01,25-34,735.2,41.3
2024-01-01,35-44,522.5,28.7
2024-01-01,45+,310.6,26.5
2024-01-01,overall,1920.8,36.4
2024-04-01,15-24,401.5,66.2
2024-04-01,25-34,732.7,39.5
2024-04-01,35-44,539.3,31.3
2024-04-01,45+,249.6,22.1
2024-04-01,overall,1923.1,36.2
2024-07-01,15-24,390.7,65.1
2024-07-01,25-34,808.1,41.3
2024-07-01,35-44,498.3,28.1
2024-07-01,45+,245.3,23.0
2024-07-01,overall,1942.4,36.0
2024-10-01,15-24,373.2,67.9
2024-10-01,25-34,704.2,38.9
2024-10-01,35-44,495.7,27.1
2024-10-01,45+,373.1,29.9
2024-10-01,overall,1946.3,35.8
2025-01-01,15-24,393.5,70.7
2025-01-01,25-34,794.0,40.3
2025-01-01,35-44,492.6,28.0
2025-01-01,45+,273.6,23.1
2025-01-01,overall,1953.7,35.7
2025-04-01,15-24,432.1,74.4
2025-04-01,25-34,806.8,40.9
2025-04-01,35-44,490.3,28.3
2025-04-01,45+,226.3,18.7
2025-04-01,overall,1955.6,35.6
2025-07-01,15-24,466.5,74.3
2025-07-01,25-34,786.8,41.0
2025-07-01,35-44,447.8,24.9
2025-07-01,45+,260.4,22.1
2025-07-01,overall,1961.5,35.5
